epoch,time,train/box_loss,train/pose_loss,train/kobj_loss,train/cls_loss,train/dfl_loss,metrics/precision(B),metrics/recall(B),metrics/mAP50(B),metrics/mAP50-95(B),metrics/precision(P),metrics/recall(P),metrics/mAP50(P),metrics/mAP50-95(P),val/box_loss,val/pose_loss,val/kobj_loss,val/cls_loss,val/dfl_loss,lr/pg0,lr/pg1,lr/pg2,lr/pg3,lr/pg4,lr/pg5,lr/pg6,lr/pg7
1,728.926,1.20423,4.82564,0.38033,0.94732,1.167,0.82992,0.70435,0.81349,0.5271,0.74013,0.51743,0.54142,0.24011,1.21077,4.44714,0.37296,0.87766,1.11578,0.00999435,0.00333145,0.00999435,0.00333145,0.00999435,0.00333145,0.00999435,0.00333145
2,1361.29,1.31753,5.38429,0.40557,1.06528,1.21598,0.79479,0.68535,0.78537,0.49923,0.71143,0.47497,0.48857,0.19621,1.25702,4.75184,0.3922,0.96726,1.14592,0.0199284,0.00664279,0.0199284,0.00664279,0.0199284,0.00664279,0.0199284,0.00664279
3,1877.3,1.40667,5.82063,0.42912,1.17432,1.26107,0.76768,0.64142,0.73774,0.44426,0.61589,0.42711,0.4075,0.13685,1.36954,5.30712,0.41938,1.12646,1.22806,0.0297964,0.00993213,0.0297964,0.00993213,0.0297964,0.00993213,0.0297964,0.00993213
4,2368.33,1.42607,5.92323,0.43604,1.2071,1.27725,0.79272,0.6546,0.76243,0.47751,0.6946,0.4551,0.46623,0.1767,1.28092,4.97063,0.41266,1.02897,1.17859,0.029703,0.009901,0.029703,0.009901,0.029703,0.009901,0.029703,0.009901
5,2859.58,1.36855,5.67723,0.42357,1.14971,1.24974,0.80887,0.68558,0.79181,0.50636,0.71435,0.50094,0.50319,0.20515,1.24085,4.65441,0.39998,0.95285,1.14933,0.029604,0.009868,0.029604,0.009868,0.029604,0.009868,0.029604,0.009868
6,3351.45,1.33876,5.51533,0.41575,1.1098,1.23166,0.82549,0.70151,0.80937,0.52791,0.71822,0.52771,0.53542,0.22765,1.19207,4.47898,0.38693,0.9186,1.1217,0.029505,0.009835,0.029505,0.009835,0.029505,0.009835,0.029505,0.009835
7,3843.32,1.3159,5.41263,0.4094,1.08588,1.22006,0.81952,0.70214,0.81075,0.53267,0.74066,0.53086,0.54976,0.24388,1.18029,4.35841,0.38275,0.90148,1.11658,0.029406,0.009802,0.029406,0.009802,0.029406,0.009802,0.029406,0.009802
8,4335,1.3053,5.34983,0.40479,1.07297,1.21122,0.82077,0.71883,0.81985,0.54386,0.74008,0.54509,0.56741,0.25486,1.15216,4.266,0.37702,0.87495,1.10173,0.029307,0.009769,0.029307,0.009769,0.029307,0.009769,0.029307,0.009769
9,4825.41,1.29142,5.297,0.40233,1.06197,1.20698,0.83907,0.71986,0.82918,0.55503,0.7526,0.55242,0.57296,0.26127,1.13883,4.20805,0.37408,0.84858,1.09643,0.029208,0.009736,0.029208,0.009736,0.029208,0.009736,0.029208,0.009736
10,5315.59,1.28329,5.25357,0.39855,1.04848,1.20232,0.83029,0.72371,0.82939,0.55985,0.74685,0.56486,0.58743,0.2729,1.12558,4.13604,0.37027,0.84201,1.08919,0.029109,0.009703,0.029109,0.009703,0.029109,0.009703,0.029109,0.009703
11,5808.03,1.28036,5.23492,0.39777,1.04411,1.20065,0.84324,0.72749,0.83601,0.56425,0.75287,0.56722,0.58968,0.27738,1.12383,4.09237,0.36858,0.82182,1.08589,0.02901,0.00967,0.02901,0.00967,0.02901,0.00967,0.02901,0.00967
12,6298.56,1.27189,5.19096,0.39496,1.03127,1.19314,0.83889,0.73448,0.84012,0.56983,0.76186,0.5656,0.5922,0.28393,1.11015,4.03848,0.3657,0.81267,1.0787,0.028911,0.009637,0.028911,0.009637,0.028911,0.009637,0.028911,0.009637
13,6788.68,1.26799,5.1581,0.39353,1.02897,1.1907,0.84722,0.73221,0.84194,0.57207,0.77738,0.57588,0.60561,0.28901,1.10451,4.00196,0.36492,0.80775,1.07634,0.028812,0.009604,0.028812,0.009604,0.028812,0.009604,0.028812,0.009604
14,7277.53,1.2628,5.15107,0.39275,1.02645,1.18814,0.83704,0.73599,0.84116,0.57283,0.77185,0.58001,0.60735,0.29253,1.10088,3.97354,0.36396,0.8021,1.0742,0.028713,0.009571,0.028713,0.009571,0.028713,0.009571,0.028713,0.009571
15,7767.83,1.26153,5.13573,0.39179,1.0206,1.18797,0.8362,0.74182,0.84282,0.57434,0.77982,0.58324,0.61334,0.29519,1.09661,3.94345,0.36309,0.79721,1.07159,0.028614,0.009538,0.028614,0.009538,0.028614,0.009538,0.028614,0.009538
16,8258.71,1.26223,5.11383,0.39024,1.01987,1.18707,0.84634,0.73615,0.84402,0.57678,0.77574,0.58533,0.61373,0.29882,1.09237,3.92313,0.36242,0.79094,1.069,0.028515,0.009505,0.028515,0.009505,0.028515,0.009505,0.028515,0.009505
17,8749.93,1.25645,5.09035,0.38942,1.01628,1.18321,0.84308,0.73835,0.84464,0.57783,0.77705,0.58312,0.61798,0.30028,1.09151,3.90881,0.36176,0.78783,1.06842,0.028416,0.009472,0.028416,0.009472,0.028416,0.009472,0.028416,0.009472
18,9240.68,1.25265,5.09544,0.38863,1.01285,1.18158,0.84534,0.73829,0.84605,0.57976,0.77586,0.58517,0.61578,0.3007,1.08927,3.89743,0.36136,0.78572,1.06718,0.028317,0.009439,0.028317,0.009439,0.028317,0.009439,0.028317,0.009439
19,9730.5,1.24981,5.07661,0.38743,1.00914,1.18008,0.84135,0.74055,0.84659,0.58119,0.77528,0.58387,0.61477,0.3014,1.08773,3.88644,0.3611,0.78375,1.06609,0.028218,0.009406,0.028218,0.009406,0.028218,0.009406,0.028218,0.009406
20,10225.8,1.2478,5.07381,0.38744,1.00743,1.18128,0.84391,0.73712,0.84645,0.58153,0.77311,0.58577,0.61454,0.30184,1.08571,3.8784,0.36079,0.78195,1.06524,0.028119,0.009373,0.028119,0.009373,0.028119,0.009373,0.028119,0.009373
21,10724.5,1.24508,5.0566,0.38668,1.00577,1.17908,0.84621,0.73806,0.84737,0.58218,0.77116,0.59021,0.61723,0.30253,1.08438,3.87179,0.36049,0.78025,1.06466,0.02802,0.00934,0.02802,0.00934,0.02802,0.00934,0.02802,0.00934
22,11215.3,1.24428,5.04542,0.38614,1.00331,1.1798,0.84703,0.74008,0.84726,0.58201,0.76134,0.59619,0.61819,0.30256,1.08342,3.86641,0.36022,0.77879,1.0643,0.027921,0.009307,0.027921,0.009307,0.027921,0.009307,0.027921,0.009307
23,11707.1,1.24457,5.04684,0.38622,1.00351,1.17794,0.84718,0.74071,0.84645,0.5823,0.76211,0.59351,0.61714,0.30357,1.0827,3.86138,0.35998,0.77792,1.06395,0.027822,0.009274,0.027822,0.009274,0.027822,0.009274,0.027822,0.009274
24,12200.4,1.24352,5.0279,0.38548,0.99825,1.1765,0.84803,0.73898,0.84665,0.58256,0.76347,0.59505,0.61821,0.30479,1.08185,3.85557,0.35973,0.77688,1.06369,0.027723,0.009241,0.027723,0.009241,0.027723,0.009241,0.027723,0.009241
25,12691.5,1.24248,5.03374,0.38541,1.00246,1.17633,0.84479,0.73898,0.84684,0.58261,0.76734,0.59451,0.62023,0.30624,1.08104,3.8503,0.35932,0.77602,1.06309,0.027624,0.009208,0.027624,0.009208,0.027624,0.009208,0.027624,0.009208
26,13182.8,1.23845,5.01502,0.38521,0.99514,1.17418,0.84315,0.74024,0.84714,0.58303,0.76658,0.59614,0.62261,0.307,1.07968,3.84966,0.3591,0.77528,1.06222,0.027525,0.009175,0.027525,0.009175,0.027525,0.009175,0.027525,0.009175
27,13673.2,1.24228,5.02483,0.38486,0.99913,1.17506,0.84404,0.74087,0.84787,0.58403,0.76351,0.59556,0.62046,0.30699,1.07996,3.84541,0.35887,0.77416,1.06239,0.027426,0.009142,0.027426,0.009142,0.027426,0.009142,0.027426,0.009142
28,14163.6,1.23873,5.01464,0.38488,0.99392,1.17333,0.84556,0.74055,0.84836,0.58482,0.76749,0.59477,0.62095,0.30755,1.07939,3.84202,0.35852,0.77294,1.06204,0.027327,0.009109,0.027327,0.009109,0.027327,0.009109,0.027327,0.009109
29,14656.1,1.23777,5.00536,0.38408,0.99406,1.17221,0.84674,0.74118,0.84886,0.58502,0.76815,0.59357,0.62082,0.30751,1.07962,3.83863,0.35817,0.77213,1.06203,0.027228,0.009076,0.027228,0.009076,0.027228,0.009076,0.027228,0.009076
30,15147.5,1.2365,5.01093,0.3848,0.99189,1.17142,0.84472,0.74181,0.8493,0.58482,0.77196,0.58989,0.62094,0.30819,1.0788,3.83625,0.358,0.77174,1.06172,0.027129,0.009043,0.027129,0.009043,0.027129,0.009043,0.027129,0.009043
31,15638.1,1.24047,5.01352,0.38385,0.99178,1.17371,0.84308,0.7426,0.84932,0.58502,0.76918,0.59387,0.62255,0.30889,1.07839,3.83204,0.35769,0.77059,1.0616,0.02703,0.00901,0.02703,0.00901,0.02703,0.00901,0.02703,0.00901
32,16130.4,1.23637,4.99562,0.38403,0.99163,1.17157,0.8489,0.73709,0.84945,0.58522,0.77001,0.5921,0.62108,0.30912,1.07802,3.82713,0.35765,0.76999,1.06141,0.026931,0.008977,0.026931,0.008977,0.026931,0.008977,0.026931,0.008977
33,16622.4,1.23512,4.99876,0.38351,0.98903,1.17086,0.84792,0.73992,0.84948,0.58572,0.77157,0.59068,0.61969,0.30944,1.07644,3.82521,0.35751,0.76948,1.06023,0.026832,0.008944,0.026832,0.008944,0.026832,0.008944,0.026832,0.008944
34,17114.3,1.23245,4.97668,0.38279,0.99154,1.17036,0.84822,0.73993,0.84988,0.58577,0.77183,0.59113,0.62159,0.31007,1.07628,3.82524,0.35747,0.76947,1.0598,0.026733,0.008911,0.026733,0.008911,0.026733,0.008911,0.026733,0.008911
35,17606.3,1.23588,4.99211,0.38345,0.99078,1.17057,0.85003,0.74008,0.84974,0.58553,0.77084,0.59147,0.62121,0.31008,1.07602,3.82166,0.35733,0.76814,1.05942,0.026634,0.008878,0.026634,0.008878,0.026634,0.008878,0.026634,0.008878
36,18099.4,1.23385,4.98217,0.3828,0.99328,1.17015,0.84925,0.74055,0.85007,0.58636,0.77099,0.59256,0.62083,0.31074,1.07569,3.82149,0.35721,0.76733,1.05909,0.026535,0.008845,0.026535,0.008845,0.026535,0.008845,0.026535,0.008845
37,18590.2,1.23719,4.98622,0.38331,0.99102,1.16992,0.85131,0.74,0.85129,0.58671,0.76894,0.59308,0.62207,0.31124,1.07537,3.81924,0.35715,0.76663,1.05867,0.026436,0.008812,0.026436,0.008812,0.026436,0.008812,0.026436,0.008812
38,19081.8,1.2336,4.97614,0.38159,0.98899,1.169,0.85132,0.74009,0.85112,0.58686,0.76834,0.59576,0.62293,0.31215,1.07495,3.81753,0.35708,0.76583,1.05839,0.026337,0.008779,0.026337,0.008779,0.026337,0.008779,0.026337,0.008779
39,19575,1.22986,4.96505,0.38132,0.98564,1.16765,0.84229,0.74663,0.85146,0.58685,0.76845,0.59682,0.62369,0.31244,1.07453,3.81267,0.35688,0.7651,1.05806,0.026238,0.008746,0.026238,0.008746,0.026238,0.008746,0.026238,0.008746
40,20066.3,1.23097,4.95907,0.38166,0.98752,1.16698,0.84137,0.74735,0.85161,0.58719,0.76478,0.59871,0.62407,0.3129,1.07386,3.80811,0.3566,0.76439,1.05767,0.026139,0.008713,0.026139,0.008713,0.026139,0.008713,0.026139,0.008713
41,20560.1,1.23201,4.97277,0.38173,0.98847,1.16799,0.84331,0.7478,0.8515,0.58733,0.76537,0.59724,0.62248,0.31284,1.0732,3.80828,0.35643,0.76388,1.05744,0.02604,0.00868,0.02604,0.00868,0.02604,0.00868,0.02604,0.00868
42,21052.4,1.22665,4.96831,0.38184,0.98531,1.16699,0.84429,0.7478,0.8514,0.5876,0.76312,0.59897,0.62429,0.31346,1.07336,3.80593,0.35622,0.76352,1.05768,0.025941,0.008647,0.025941,0.008647,0.025941,0.008647,0.025941,0.008647
43,21545.2,1.22618,4.94949,0.38191,0.98344,1.16588,0.84804,0.745,0.85079,0.58772,0.76672,0.60091,0.62631,0.3143,1.07365,3.80347,0.35602,0.7628,1.05811,0.025842,0.008614,0.025842,0.008614,0.025842,0.008614,0.025842,0.008614
44,22038.4,1.22913,4.94101,0.38113,0.98422,1.16619,0.84673,0.7462,0.85075,0.58766,0.75981,0.60469,0.62719,0.3151,1.07321,3.80127,0.356,0.76265,1.05761,0.025743,0.008581,0.025743,0.008581,0.025743,0.008581,0.025743,0.008581
45,22528.9,1.22928,4.94373,0.3813,0.986,1.16816,0.8467,0.74811,0.85203,0.58789,0.76093,0.60581,0.62823,0.31571,1.07274,3.80033,0.35584,0.76275,1.05728,0.025644,0.008548,0.025644,0.008548,0.025644,0.008548,0.025644,0.008548
46,23021.3,1.22837,4.95546,0.38148,0.98594,1.16697,0.8546,0.74244,0.85149,0.58773,0.76131,0.60408,0.62768,0.31598,1.07244,3.79945,0.35585,0.76259,1.0569,0.025545,0.008515,0.025545,0.008515,0.025545,0.008515,0.025545,0.008515
47,23513.5,1.22565,4.9413,0.38116,0.98203,1.16366,0.85546,0.7415,0.85193,0.58838,0.7646,0.60327,0.62844,0.31628,1.07202,3.79638,0.3557,0.76207,1.05647,0.025446,0.008482,0.025446,0.008482,0.025446,0.008482,0.025446,0.008482
48,24005.8,1.2278,4.93786,0.38093,0.98069,1.16516,0.85509,0.74055,0.85136,0.58922,0.76093,0.60582,0.62838,0.3167,1.07177,3.79296,0.35546,0.76177,1.05595,0.025347,0.008449,0.025347,0.008449,0.025347,0.008449,0.025347,0.008449
49,24498.1,1.22671,4.92256,0.37974,0.98355,1.16455,0.85097,0.74433,0.85117,0.58917,0.76445,0.60485,0.62991,0.31722,1.07073,3.79135,0.35542,0.76154,1.0549,0.025248,0.008416,0.025248,0.008416,0.025248,0.008416,0.025248,0.008416
50,24988.5,1.22663,4.93905,0.38034,0.97969,1.16511,0.85062,0.74496,0.85142,0.58922,0.77311,0.6008,0.62921,0.3171,1.07018,3.78943,0.35534,0.76055,1.05469,0.025149,0.008383,0.025149,0.008383,0.025149,0.008383,0.025149,0.008383
51,25481,1.225,4.93587,0.38043,0.98186,1.16409,0.84862,0.74669,0.85198,0.59025,0.76991,0.60318,0.63017,0.31802,1.06969,3.78599,0.35509,0.75999,1.05434,0.02505,0.00835,0.02505,0.00835,0.02505,0.00835,0.02505,0.00835
52,25972.9,1.22547,4.92696,0.3805,0.97833,1.16282,0.84736,0.74937,0.85267,0.59018,0.77013,0.60603,0.63166,0.31872,1.06919,3.78273,0.35496,0.75904,1.05393,0.024951,0.008317,0.024951,0.008317,0.024951,0.008317,0.024951,0.008317
53,26466.2,1.2246,4.92939,0.3805,0.97962,1.16353,0.84911,0.75,0.85375,0.59006,0.77308,0.60375,0.63112,0.3185,1.06836,3.78028,0.35482,0.75876,1.05334,0.024852,0.008284,0.024852,0.008284,0.024852,0.008284,0.024852,0.008284
54,26958.2,1.2236,4.91803,0.37996,0.98056,1.16301,0.84442,0.75378,0.85375,0.59009,0.76413,0.60863,0.63186,0.31888,1.06804,3.77798,0.35466,0.75859,1.05306,0.024753,0.008251,0.024753,0.008251,0.024753,0.008251,0.024753,0.008251
55,27451.4,1.22355,4.90978,0.37966,0.98021,1.16326,0.84299,0.75268,0.85434,0.59083,0.76348,0.60881,0.63141,0.31934,1.06683,3.77359,0.35464,0.75748,1.05226,0.024654,0.008218,0.024654,0.008218,0.024654,0.008218,0.024654,0.008218
56,27943.8,1.22294,4.93026,0.38013,0.98003,1.16359,0.84386,0.75283,0.85416,0.59091,0.76985,0.60245,0.63171,0.31888,1.06605,3.77025,0.35443,0.75707,1.05168,0.024555,0.008185,0.024555,0.008185,0.024555,0.008185,0.024555,0.008185
57,28435.9,1.2227,4.9024,0.37928,0.97556,1.16227,0.84185,0.75582,0.85477,0.59106,0.77531,0.60079,0.63036,0.31898,1.06582,3.77162,0.35421,0.75629,1.05135,0.024456,0.008152,0.024456,0.008152,0.024456,0.008152,0.024456,0.008152
58,28926.5,1.22001,4.90705,0.37967,0.97487,1.16372,0.84128,0.75425,0.85454,0.59123,0.77296,0.6019,0.63012,0.31925,1.06576,3.77017,0.35402,0.75559,1.05146,0.024357,0.008119,0.024357,0.008119,0.024357,0.008119,0.024357,0.008119
59,29418.6,1.22303,4.91137,0.37958,0.97506,1.16162,0.84009,0.7574,0.85438,0.5908,0.77477,0.60359,0.62989,0.31923,1.0654,3.76942,0.3538,0.75535,1.05121,0.024258,0.008086,0.024258,0.008086,0.024258,0.008086,0.024258,0.008086
60,29910.2,1.22232,4.90671,0.37951,0.97835,1.16127,0.83875,0.75582,0.85395,0.59064,0.77423,0.6039,0.63055,0.31981,1.06466,3.76838,0.35381,0.75516,1.05058,0.024159,0.008053,0.024159,0.008053,0.024159,0.008053,0.024159,0.008053
61,30401.9,1.22195,4.90071,0.37972,0.97783,1.16134,0.83811,0.75614,0.85438,0.59074,0.77165,0.60453,0.62992,0.32013,1.06315,3.76704,0.35373,0.75444,1.04987,0.02406,0.00802,0.02406,0.00802,0.02406,0.00802,0.02406,0.00802
62,30893.8,1.21965,4.89509,0.37919,0.97619,1.16185,0.83752,0.75677,0.85417,0.59081,0.77404,0.60705,0.63227,0.31989,1.0623,3.76383,0.35358,0.75451,1.0495,0.023961,0.007987,0.023961,0.007987,0.023961,0.007987,0.023961,0.007987
63,31385.4,1.21846,4.89229,0.3788,0.9746,1.16041,0.84034,0.7552,0.85472,0.59116,0.77297,0.60891,0.63296,0.32003,1.06157,3.7611,0.35344,0.75424,1.0491,0.023862,0.007954,0.023862,0.007954,0.023862,0.007954,0.023862,0.007954
64,31876.7,1.22094,4.90246,0.37893,0.97292,1.16178,0.84118,0.75462,0.85489,0.59131,0.77176,0.60831,0.63156,0.32008,1.0615,3.75844,0.35335,0.75379,1.04874,0.023763,0.007921,0.023763,0.007921,0.023763,0.007921,0.023763,0.007921
65,32367,1.21752,4.89977,0.37877,0.97228,1.15929,0.83971,0.75488,0.85504,0.59148,0.77238,0.60831,0.63226,0.32043,1.06193,3.75539,0.35329,0.75326,1.04884,0.023664,0.007888,0.023664,0.007888,0.023664,0.007888,0.023664,0.007888
66,32859.8,1.21745,4.89194,0.37873,0.97189,1.15902,0.83813,0.75566,0.85512,0.59209,0.77592,0.60509,0.63306,0.3208,1.06157,3.75335,0.35315,0.75248,1.04832,0.023565,0.007855,0.023565,0.007855,0.023565,0.007855,0.023565,0.007855
67,33352.3,1.21712,4.88641,0.3779,0.97211,1.15926,0.84047,0.75614,0.8554,0.59254,0.77629,0.6039,0.63185,0.32151,1.06115,3.75016,0.35295,0.75195,1.04818,0.023466,0.007822,0.023466,0.007822,0.023466,0.007822,0.023466,0.007822
68,33845.5,1.21789,4.87838,0.37801,0.97205,1.15932,0.84205,0.75535,0.85541,0.59264,0.77768,0.60246,0.63245,0.32208,1.06144,3.74833,0.35278,0.75087,1.04812,0.023367,0.007789,0.023367,0.007789,0.023367,0.007789,0.023367,0.007789
69,34338.6,1.21985,4.88778,0.37806,0.974,1.16026,0.84501,0.75359,0.85575,0.59298,0.77937,0.6028,0.63432,0.32239,1.06057,3.74453,0.35262,0.74982,1.0477,0.023268,0.007756,0.023268,0.007756,0.023268,0.007756,0.023268,0.007756
70,34832.1,1.21674,4.87666,0.37831,0.97115,1.15841,0.84268,0.75598,0.85555,0.5931,0.78078,0.60276,0.63556,0.32326,1.0601,3.74253,0.35267,0.74986,1.04728,0.023169,0.007723,0.023169,0.007723,0.023169,0.007723,0.023169,0.007723
71,35324.1,1.22007,4.88505,0.37771,0.97085,1.15855,0.84739,0.75283,0.85609,0.59312,0.77663,0.60319,0.63468,0.3231,1.05993,3.74171,0.3526,0.74991,1.04725,0.02307,0.00769,0.02307,0.00769,0.02307,0.00769,0.02307,0.00769
72,35816.4,1.21559,4.871,0.37685,0.97174,1.15828,0.84356,0.75723,0.85628,0.59346,0.77925,0.60233,0.63422,0.32312,1.05944,3.74237,0.35257,0.74984,1.04662,0.022971,0.007657,0.022971,0.007657,0.022971,0.007657,0.022971,0.007657
73,36320.2,1.21567,4.86468,0.37724,0.9707,1.15757,0.84645,0.75675,0.85722,0.59445,0.77976,0.60476,0.63652,0.32379,1.05873,3.74148,0.35238,0.74986,1.04627,0.022872,0.007624,0.022872,0.007624,0.022872,0.007624,0.022872,0.007624
74,36819,1.21823,4.87282,0.37867,0.96972,1.15702,0.83887,0.76102,0.85727,0.59431,0.77722,0.60595,0.63469,0.32394,1.05869,3.74075,0.3523,0.74964,1.04633,0.022773,0.007591,0.022773,0.007591,0.022773,0.007591,0.022773,0.007591
75,37318.1,1.21661,4.86868,0.37782,0.97026,1.15764,0.83971,0.76181,0.8577,0.59467,0.77807,0.60753,0.63633,0.32432,1.05856,3.73784,0.35212,0.74973,1.04618,0.022674,0.007558,0.022674,0.007558,0.022674,0.007558,0.022674,0.007558
76,37824.6,1.21477,4.87868,0.37776,0.97009,1.15702,0.83938,0.76196,0.85754,0.59443,0.78154,0.60545,0.63615,0.32425,1.05795,3.73495,0.35205,0.74941,1.04573,0.022575,0.007525,0.022575,0.007525,0.022575,0.007525,0.022575,0.007525
77,38330.4,1.21219,4.85436,0.37701,0.96566,1.15665,0.83569,0.7655,0.8577,0.59431,0.77934,0.60551,0.6359,0.3251,1.05796,3.73371,0.35191,0.7496,1.0457,0.022476,0.007492,0.022476,0.007492,0.022476,0.007492,0.022476,0.007492
78,38849,1.2155,4.86813,0.37749,0.97084,1.15733,0.83362,0.7681,0.85776,0.59551,0.78148,0.60693,0.6365,0.32507,1.05736,3.73251,0.35172,0.74936,1.0454,0.022377,0.007459,0.022377,0.007459,0.022377,0.007459,0.022377,0.007459
79,39365.7,1.21383,4.85447,0.37736,0.96862,1.1556,0.83561,0.76826,0.85755,0.59527,0.77966,0.60718,0.63543,0.32526,1.05745,3.73107,0.35151,0.74911,1.04535,0.022278,0.007426,0.022278,0.007426,0.022278,0.007426,0.022278,0.007426
80,39865.1,1.21294,4.84365,0.37641,0.96666,1.15488,0.83294,0.76922,0.85762,0.59469,0.77898,0.6069,0.63525,0.32561,1.05727,3.72987,0.35145,0.74848,1.04517,0.022179,0.007393,0.022179,0.007393,0.022179,0.007393,0.022179,0.007393
81,40373.7,1.21591,4.86508,0.37676,0.96922,1.15717,0.8319,0.76977,0.85763,0.59513,0.7799,0.60737,0.6356,0.32556,1.05629,3.7259,0.35125,0.74789,1.04445,0.02208,0.00736,0.02208,0.00736,0.02208,0.00736,0.02208,0.00736
82,40882.3,1.21147,4.844,0.37711,0.96407,1.1546,0.83063,0.76977,0.85766,0.59551,0.77761,0.60881,0.63603,0.32593,1.05565,3.72325,0.3511,0.74738,1.04382,0.021981,0.007327,0.021981,0.007327,0.021981,0.007327,0.021981,0.007327
83,41388.9,1.21226,4.84507,0.37671,0.96567,1.15507,0.83288,0.76889,0.85797,0.59559,0.78081,0.61073,0.63721,0.32571,1.0551,3.7204,0.35076,0.74656,1.04337,0.021882,0.007294,0.021882,0.007294,0.021882,0.007294,0.021882,0.007294
84,41907.9,1.21176,4.84625,0.37656,0.96798,1.15585,0.83396,0.7681,0.85817,0.59567,0.77905,0.61146,0.63711,0.32601,1.05492,3.71966,0.35055,0.7466,1.0433,0.021783,0.007261,0.021783,0.007261,0.021783,0.007261,0.021783,0.007261
85,42413.1,1.21166,4.84027,0.37618,0.96319,1.15484,0.83495,0.76685,0.85795,0.59596,0.77825,0.61193,0.63804,0.32629,1.05455,3.71769,0.35056,0.74603,1.04304,0.021684,0.007228,0.021684,0.007228,0.021684,0.007228,0.021684,0.007228
86,42916.7,1.21202,4.83441,0.37583,0.9659,1.15534,0.83495,0.7681,0.85832,0.59623,0.77734,0.61146,0.63917,0.32709,1.05361,3.71744,0.3504,0.74539,1.04242,0.021585,0.007195,0.021585,0.007195,0.021585,0.007195,0.021585,0.007195
87,43421,1.20746,4.83057,0.37617,0.9617,1.15345,0.83358,0.76795,0.85814,0.5964,0.7778,0.61169,0.6388,0.32723,1.05282,3.71515,0.35035,0.74473,1.04194,0.021486,0.007162,0.021486,0.007162,0.021486,0.007162,0.021486,0.007162
88,43925.9,1.21333,4.84002,0.37557,0.96766,1.15706,0.83223,0.76999,0.85812,0.59601,0.77832,0.61244,0.63992,0.32752,1.05184,3.71439,0.35026,0.74413,1.04177,0.021387,0.007129,0.021387,0.007129,0.021387,0.007129,0.021387,0.007129
89,44432.4,1.21291,4.83518,0.37677,0.9637,1.15491,0.83248,0.76903,0.8583,0.59646,0.77692,0.60989,0.63879,0.3277,1.05181,3.71293,0.35013,0.74397,1.04165,0.021288,0.007096,0.021288,0.007096,0.021288,0.007096,0.021288,0.007096
90,44951.1,1.20756,4.82314,0.37564,0.96424,1.15294,0.83458,0.76622,0.85783,0.59651,0.77898,0.61083,0.64005,0.32813,1.05204,3.71292,0.35005,0.74398,1.04165,0.021189,0.007063,0.021189,0.007063,0.021189,0.007063,0.021189,0.007063
91,45457.1,1.21108,4.8314,0.37612,0.96526,1.15444,0.83409,0.76747,0.85807,0.59631,0.77734,0.61162,0.63994,0.32832,1.05209,3.7128,0.35006,0.74435,1.04205,0.02109,0.00703,0.02109,0.00703,0.02109,0.00703,0.02109,0.00703
92,45963.3,1.20933,4.83002,0.37525,0.96266,1.15373,0.83304,0.76763,0.85807,0.59658,0.77786,0.61357,0.64124,0.32869,1.05139,3.70964,0.34999,0.74459,1.04132,0.020991,0.006997,0.020991,0.006997,0.020991,0.006997,0.020991,0.006997
93,46468.2,1.20865,4.82743,0.37539,0.9619,1.15355,0.83365,0.76768,0.8582,0.59668,0.77933,0.61717,0.64483,0.32901,1.05154,3.70806,0.34995,0.74442,1.04138,0.020892,0.006964,0.020892,0.006964,0.020892,0.006964,0.020892,0.006964
94,46971.8,1.2061,4.81027,0.37479,0.96073,1.1521,0.83507,0.76601,0.85839,0.59623,0.77673,0.6176,0.64333,0.32858,1.05176,3.70672,0.34983,0.74438,1.0414,0.020793,0.006931,0.020793,0.006931,0.020793,0.006931,0.020793,0.006931
95,47475.9,1.20914,4.81494,0.37589,0.96419,1.15399,0.83695,0.76284,0.85815,0.59639,0.77757,0.61666,0.64309,0.32821,1.05144,3.70557,0.3496,0.74494,1.04099,0.020694,0.006898,0.020694,0.006898,0.020694,0.006898,0.020694,0.006898
96,47982.8,1.20617,4.83644,0.37599,0.96051,1.15312,0.84056,0.75857,0.85751,0.59635,0.7768,0.6175,0.64333,0.3284,1.05176,3.70697,0.34959,0.74503,1.04117,0.020595,0.006865,0.020595,0.006865,0.020595,0.006865,0.020595,0.006865
97,48485.5,1.20685,4.82401,0.37475,0.95961,1.15173,0.8386,0.76023,0.85757,0.59644,0.77626,0.6176,0.64482,0.32809,1.05129,3.70614,0.3495,0.74457,1.0406,0.020496,0.006832,0.020496,0.006832,0.020496,0.006832,0.020496,0.006832
98,48992.7,1.2038,4.80463,0.37481,0.95863,1.15182,0.84375,0.75803,0.85717,0.59687,0.77674,0.61564,0.64518,0.32814,1.05049,3.70485,0.34928,0.74485,1.04022,0.020397,0.006799,0.020397,0.006799,0.020397,0.006799,0.020397,0.006799
99,49508,1.20748,4.81042,0.37451,0.95992,1.1514,0.84252,0.75771,0.85701,0.59695,0.77482,0.61645,0.64329,0.32882,1.05107,3.70346,0.34922,0.74498,1.04018,0.020298,0.006766,0.020298,0.006766,0.020298,0.006766,0.020298,0.006766
100,50015.7,1.20705,4.79395,0.37393,0.95806,1.15193,0.84165,0.75834,0.8573,0.59667,0.77622,0.61705,0.64359,0.32874,1.05054,3.70433,0.34916,0.74536,1.03995,0.020199,0.006733,0.020199,0.006733,0.020199,0.006733,0.020199,0.006733
101,50532.3,1.20622,4.80084,0.3744,0.95634,1.15148,0.8406,0.76046,0.85783,0.59682,0.77533,0.61918,0.64575,0.32923,1.0504,3.70316,0.34909,0.74538,1.03946,0.0201,0.0067,0.0201,0.0067,0.0201,0.0067,0.0201,0.0067
102,51047.7,1.20275,4.80222,0.37452,0.96004,1.15085,0.8429,0.75939,0.85745,0.59665,0.7796,0.6181,0.64525,0.32935,1.05057,3.70259,0.34897,0.74588,1.03966,0.020001,0.006667,0.020001,0.006667,0.020001,0.006667,0.020001,0.006667
103,51536.4,1.20424,4.80407,0.37444,0.95697,1.1499,0.84372,0.75724,0.85677,0.5958,0.77878,0.61823,0.64562,0.3295,1.05007,3.701,0.34884,0.74587,1.03967,0.019902,0.006634,0.019902,0.006634,0.019902,0.006634,0.019902,0.006634
104,52036.3,1.19869,4.7835,0.37356,0.95303,1.14828,0.84277,0.7603,0.85665,0.59578,0.77923,0.61555,0.64326,0.32964,1.05019,3.7001,0.34868,0.74591,1.03985,0.019803,0.006601,0.019803,0.006601,0.019803,0.006601,0.019803,0.006601
105,52525.9,1.20153,4.78714,0.37356,0.95521,1.15008,0.84279,0.76045,0.85661,0.59601,0.77954,0.61568,0.64295,0.3297,1.04977,3.69833,0.34864,0.74575,1.03957,0.019704,0.006568,0.019704,0.006568,0.019704,0.006568,0.019704,0.006568
106,53025.4,1.20121,4.77643,0.37328,0.95387,1.14854,0.84333,0.75931,0.85738,0.59578,0.78235,0.61492,0.6423,0.32923,1.05013,3.6987,0.34858,0.7447,1.03975,0.019605,0.006535,0.019605,0.006535,0.019605,0.006535,0.019605,0.006535
107,53532.9,1.20277,4.79062,0.37345,0.95688,1.15031,0.84658,0.75753,0.85745,0.5963,0.78025,0.61598,0.64252,0.32917,1.0497,3.69764,0.34847,0.7448,1.03965,0.019506,0.006502,0.019506,0.006502,0.019506,0.006502,0.019506,0.006502
108,54040.7,1.20527,4.79347,0.37383,0.95634,1.15055,0.84764,0.75834,0.8577,0.59634,0.77872,0.61807,0.64392,0.32964,1.04966,3.69562,0.3484,0.74483,1.03964,0.019407,0.006469,0.019407,0.006469,0.019407,0.006469,0.019407,0.006469
109,54547.2,1.20091,4.77725,0.37249,0.95583,1.1492,0.84979,0.7563,0.85739,0.59597,0.78019,0.61689,0.64557,0.32985,1.04986,3.69342,0.34827,0.74465,1.03999,0.019308,0.006436,0.019308,0.006436,0.019308,0.006436,0.019308,0.006436
110,55050.9,1.20264,4.79676,0.37288,0.95665,1.15021,0.84621,0.75866,0.85756,0.59678,0.78024,0.61776,0.644,0.32963,1.05022,3.69176,0.34811,0.74485,1.03986,0.019209,0.006403,0.019209,0.006403,0.019209,0.006403,0.019209,0.006403
111,55525.5,1.20161,4.76835,0.37409,0.95341,1.14927,0.84755,0.75969,0.85738,0.59731,0.78129,0.6175,0.64436,0.33012,1.04999,3.68975,0.34808,0.74506,1.03978,0.01911,0.00637,0.01911,0.00637,0.01911,0.00637,0.01911,0.00637
112,56014.4,1.20022,4.77048,0.37276,0.95294,1.14724,0.84927,0.76021,0.85754,0.59712,0.78098,0.6165,0.64456,0.3307,1.04955,3.68948,0.34817,0.74459,1.03979,0.019011,0.006337,0.019011,0.006337,0.019011,0.006337,0.019011,0.006337
113,56511,1.20053,4.77316,0.37311,0.95098,1.1474,0.84581,0.76118,0.85758,0.59739,0.78245,0.6183,0.64595,0.33103,1.04874,3.68841,0.34814,0.74426,1.03949,0.018912,0.006304,0.018912,0.006304,0.018912,0.006304,0.018912,0.006304
114,57006.4,1.20034,4.77622,0.37272,0.95213,1.1477,0.84305,0.76196,0.85747,0.59741,0.78173,0.61909,0.64736,0.33103,1.04829,3.68657,0.34808,0.74414,1.03899,0.018813,0.006271,0.018813,0.006271,0.018813,0.006271,0.018813,0.006271
115,57491.6,1.19898,4.76489,0.37291,0.95095,1.14833,0.83952,0.76385,0.85727,0.59748,0.78067,0.61862,0.64713,0.33162,1.04852,3.68428,0.34802,0.74423,1.03912,0.018714,0.006238,0.018714,0.006238,0.018714,0.006238,0.018714,0.006238
116,57974.9,1.1969,4.76334,0.37258,0.95034,1.14649,0.84334,0.76275,0.85756,0.5978,0.78104,0.61792,0.64678,0.33132,1.04896,3.68194,0.34788,0.74423,1.03923,0.018615,0.006205,0.018615,0.006205,0.018615,0.006205,0.018615,0.006205
117,58462.2,1.19723,4.76057,0.37242,0.9501,1.14757,0.84713,0.75976,0.85836,0.59772,0.78144,0.61618,0.64632,0.33167,1.04847,3.68105,0.34777,0.74391,1.03887,0.018516,0.006172,0.018516,0.006172,0.018516,0.006172,0.018516,0.006172
118,58949.3,1.19578,4.76443,0.37199,0.95062,1.14611,0.84298,0.76237,0.85822,0.59853,0.77831,0.61737,0.64634,0.33139,1.04802,3.68155,0.34754,0.74353,1.03881,0.018417,0.006139,0.018417,0.006139,0.018417,0.006139,0.018417,0.006139
119,59431.3,1.19601,4.74796,0.37165,0.94823,1.14547,0.8425,0.76213,0.85828,0.5986,0.78039,0.61524,0.64578,0.33094,1.04737,3.68115,0.34749,0.74328,1.03832,0.018318,0.006106,0.018318,0.006106,0.018318,0.006106,0.018318,0.006106
120,59916.4,1.19754,4.76241,0.37206,0.95139,1.14634,0.84113,0.76267,0.85808,0.59881,0.78001,0.61457,0.64495,0.3307,1.04672,3.68253,0.34742,0.74341,1.03784,0.018219,0.006073,0.018219,0.006073,0.018219,0.006073,0.018219,0.006073
121,60401.5,1.19647,4.75343,0.37188,0.94939,1.14594,0.84389,0.76134,0.85864,0.59885,0.77892,0.61735,0.64463,0.33076,1.0464,3.68047,0.34732,0.74324,1.03768,0.01812,0.00604,0.01812,0.00604,0.01812,0.00604,0.01812,0.00604
122,60885.4,1.19643,4.74312,0.37173,0.94887,1.14463,0.84735,0.76102,0.85879,0.59881,0.77765,0.61681,0.64327,0.33027,1.04595,3.67805,0.34723,0.74281,1.03753,0.018021,0.006007,0.018021,0.006007,0.018021,0.006007,0.018021,0.006007
123,61366.3,1.19261,4.73726,0.37075,0.94661,1.14407,0.84739,0.75875,0.85876,0.59893,0.77757,0.61666,0.64214,0.33075,1.04536,3.67761,0.34716,0.74272,1.03719,0.017922,0.005974,0.017922,0.005974,0.017922,0.005974,0.017922,0.005974
124,61853,1.19061,4.72716,0.37099,0.94642,1.14384,0.84439,0.76029,0.85835,0.59909,0.77941,0.61687,0.64305,0.3306,1.0453,3.678,0.34722,0.74245,1.03706,0.017823,0.005941,0.017823,0.005941,0.017823,0.005941,0.017823,0.005941
125,62346.3,1.19664,4.74539,0.37158,0.94675,1.14474,0.84683,0.75813,0.85806,0.59898,0.77955,0.61555,0.64336,0.33129,1.04496,3.67877,0.34727,0.74226,1.03683,0.017724,0.005908,0.017724,0.005908,0.017724,0.005908,0.017724,0.005908
126,62828.5,1.19159,4.73282,0.37149,0.94403,1.14471,0.84414,0.76181,0.85788,0.59862,0.78331,0.61555,0.64603,0.33116,1.04459,3.67827,0.34723,0.74162,1.03664,0.017625,0.005875,0.017625,0.005875,0.017625,0.005875,0.017625,0.005875
127,63326.2,1.19511,4.72919,0.37117,0.94597,1.1456,0.84359,0.76228,0.8579,0.5991,0.78142,0.61492,0.64496,0.33089,1.04457,3.67844,0.34708,0.74125,1.03683,0.017526,0.005842,0.017526,0.005842,0.017526,0.005842,0.017526,0.005842
128,63820.3,1.19118,4.73206,0.37096,0.94239,1.14325,0.84544,0.76127,0.85843,0.59958,0.78339,0.61524,0.64594,0.33148,1.04449,3.67856,0.34686,0.74107,1.03682,0.017427,0.005809,0.017427,0.005809,0.017427,0.005809,0.017427,0.005809
129,64315.1,1.19341,4.71936,0.37099,0.94493,1.14376,0.84598,0.76338,0.85869,0.6001,0.7802,0.61861,0.64591,0.3325,1.0441,3.6784,0.34677,0.74056,1.03659,0.017328,0.005776,0.017328,0.005776,0.017328,0.005776,0.017328,0.005776
130,64806.6,1.19365,4.74487,0.37135,0.9433,1.14314,0.84238,0.76647,0.85862,0.59938,0.77537,0.61895,0.6451,0.33268,1.04476,3.67746,0.34659,0.74097,1.03677,0.017229,0.005743,0.017229,0.005743,0.017229,0.005743,0.017229,0.005743
131,65301.8,1.19083,4.72552,0.37078,0.94057,1.14148,0.84234,0.7659,0.85873,0.59963,0.77767,0.61894,0.64596,0.33278,1.04459,3.67812,0.34649,0.74038,1.0364,0.01713,0.00571,0.01713,0.00571,0.01713,0.00571,0.01713,0.00571
132,65797,1.18886,4.70353,0.37024,0.94027,1.1425,0.83793,0.7692,0.85883,0.60015,0.7837,0.61433,0.64462,0.33297,1.04458,3.67656,0.34647,0.73997,1.03654,0.017031,0.005677,0.017031,0.005677,0.017031,0.005677,0.017031,0.005677
133,66293.6,1.18922,4.73265,0.37018,0.94271,1.1424,0.84511,0.76622,0.85841,0.59967,0.77721,0.6198,0.64713,0.33315,1.04457,3.67706,0.34638,0.73972,1.03645,0.016932,0.005644,0.016932,0.005644,0.016932,0.005644,0.016932,0.005644
134,66811.4,1.18789,4.71458,0.36967,0.94224,1.14136,0.84297,0.7681,0.85914,0.59996,0.77881,0.61971,0.64719,0.33288,1.04398,3.67669,0.3463,0.7396,1.03619,0.016833,0.005611,0.016833,0.005611,0.016833,0.005611,0.016833,0.005611
135,67326,1.18933,4.71408,0.37014,0.9429,1.14227,0.84234,0.76747,0.85819,0.6002,0.77885,0.62012,0.64815,0.33342,1.0436,3.67804,0.34615,0.73879,1.03588,0.016734,0.005578,0.016734,0.005578,0.016734,0.005578,0.016734,0.005578
136,67820.9,1.19085,4.70673,0.36976,0.94167,1.14156,0.84275,0.76949,0.85865,0.60035,0.77775,0.62059,0.64821,0.33347,1.04305,3.67688,0.34601,0.73836,1.03535,0.016635,0.005545,0.016635,0.005545,0.016635,0.005545,0.016635,0.005545
137,68305,1.19022,4.71312,0.37073,0.94085,1.14175,0.84265,0.77057,0.85887,0.60057,0.77599,0.62116,0.64888,0.33365,1.04293,3.67377,0.34587,0.73802,1.03513,0.016536,0.005512,0.016536,0.005512,0.016536,0.005512,0.016536,0.005512
138,68785.9,1.18822,4.70354,0.3703,0.94039,1.14069,0.84343,0.76952,0.85891,0.60088,0.77478,0.61957,0.64765,0.33387,1.0429,3.67264,0.34572,0.73774,1.03506,0.016437,0.005479,0.016437,0.005479,0.016437,0.005479,0.016437,0.005479
139,69266.4,1.18976,4.70966,0.37027,0.93878,1.14202,0.8431,0.77157,0.8589,0.60121,0.77748,0.61792,0.64666,0.33437,1.04274,3.67216,0.34565,0.73718,1.03498,0.016338,0.005446,0.016338,0.005446,0.016338,0.005446,0.016338,0.005446
140,69746,1.18349,4.70168,0.36964,0.93942,1.14011,0.84344,0.77267,0.85944,0.60119,0.77461,0.6198,0.64725,0.33467,1.04224,3.66906,0.34557,0.73677,1.03473,0.016239,0.005413,0.016239,0.005413,0.016239,0.005413,0.016239,0.005413
141,70311.4,1.18991,4.69192,0.3685,0.93999,1.14156,0.84278,0.77393,0.85971,0.60098,0.77158,0.62295,0.6481,0.33507,1.04177,3.66762,0.34544,0.7368,1.03452,0.01614,0.00538,0.01614,0.00538,0.01614,0.00538,0.01614,0.00538
142,70797.6,1.18566,4.6977,0.36966,0.9366,1.13923,0.84223,0.77424,0.86016,0.60135,0.77749,0.6194,0.64679,0.33451,1.04218,3.66601,0.34529,0.73616,1.03464,0.016041,0.005347,0.016041,0.005347,0.016041,0.005347,0.016041,0.005347
143,71278.7,1.1866,4.69935,0.36929,0.93848,1.14014,0.84354,0.7741,0.86067,0.60139,0.77479,0.61839,0.64616,0.33424,1.04237,3.66741,0.34513,0.73604,1.03479,0.015942,0.005314,0.015942,0.005314,0.015942,0.005314,0.015942,0.005314
144,71762.3,1.18587,4.69281,0.36932,0.93763,1.14076,0.84381,0.77251,0.86065,0.60172,0.77255,0.62134,0.64721,0.3347,1.0427,3.66456,0.34493,0.73617,1.03505,0.015843,0.005281,0.015843,0.005281,0.015843,0.005281,0.015843,0.005281
145,72244.7,1.18428,4.69847,0.369,0.93746,1.13909,0.84565,0.77188,0.86088,0.60154,0.77192,0.61839,0.64522,0.33407,1.04256,3.66262,0.3448,0.73617,1.03515,0.015744,0.005248,0.015744,0.005248,0.015744,0.005248,0.015744,0.005248
146,72729,1.18466,4.69154,0.36876,0.93545,1.13835,0.84536,0.76921,0.86105,0.6018,0.76775,0.62106,0.64644,0.3349,1.04259,3.66108,0.34454,0.7354,1.03498,0.015645,0.005215,0.015645,0.005215,0.015645,0.005215,0.015645,0.005215
147,73211.4,1.18189,4.67924,0.36899,0.9362,1.13703,0.84694,0.76716,0.86103,0.60226,0.7721,0.61975,0.64692,0.33421,1.0422,3.66268,0.34457,0.73547,1.03465,0.015546,0.005182,0.015546,0.005182,0.015546,0.005182,0.015546,0.005182
148,73696.1,1.18317,4.67952,0.36826,0.93374,1.13866,0.84837,0.76637,0.86062,0.60243,0.77106,0.61965,0.64508,0.33422,1.04165,3.66269,0.34445,0.73529,1.03403,0.015447,0.005149,0.015447,0.005149,0.015447,0.005149,0.015447,0.005149
149,74175.8,1.18409,4.67431,0.36827,0.93408,1.13881,0.84826,0.76742,0.86108,0.60247,0.76925,0.62295,0.64822,0.3345,1.04152,3.66001,0.34432,0.73449,1.03378,0.015348,0.005116,0.015348,0.005116,0.015348,0.005116,0.015348,0.005116
150,74658,1.18263,4.66171,0.36803,0.93362,1.13797,0.85176,0.76559,0.86143,0.60315,0.77112,0.62421,0.64917,0.33452,1.04131,3.65994,0.34424,0.73443,1.03374,0.015249,0.005083,0.015249,0.005083,0.015249,0.005083,0.015249,0.005083
151,75140.3,1.18381,4.6661,0.36755,0.93427,1.13824,0.8518,0.76644,0.86229,0.60372,0.77339,0.62453,0.64902,0.3349,1.04112,3.65977,0.34401,0.7338,1.03386,0.01515,0.00505,0.01515,0.00505,0.01515,0.00505,0.01515,0.00505
152,75623.1,1.18009,4.65493,0.36715,0.93088,1.13797,0.85214,0.76322,0.86162,0.60335,0.77702,0.62248,0.64894,0.33548,1.04145,3.65847,0.34386,0.73355,1.03379,0.015051,0.005017,0.015051,0.005017,0.015051,0.005017,0.015051,0.005017
153,76107.9,1.17948,4.66744,0.36727,0.92997,1.13712,0.85161,0.76496,0.86118,0.60347,0.78026,0.6205,0.64965,0.33527,1.04072,3.6567,0.3438,0.73321,1.03349,0.014952,0.004984,0.014952,0.004984,0.014952,0.004984,0.014952,0.004984
154,76593,1.18103,4.65923,0.36692,0.93033,1.13588,0.84973,0.76685,0.86168,0.60358,0.77727,0.62453,0.65077,0.33556,1.04039,3.6548,0.34365,0.73309,1.03291,0.014853,0.004951,0.014853,0.004951,0.014853,0.004951,0.014853,0.004951
155,77074.5,1.18032,4.64882,0.36691,0.93093,1.13774,0.85178,0.76357,0.86121,0.60284,0.77924,0.62154,0.65002,0.33565,1.0404,3.65453,0.34357,0.73312,1.03275,0.014754,0.004918,0.014754,0.004918,0.014754,0.004918,0.014754,0.004918
156,77565.6,1.1817,4.66082,0.36738,0.93212,1.13691,0.85442,0.76228,0.86138,0.60291,0.7739,0.62507,0.651,0.33608,1.04042,3.65297,0.34342,0.73326,1.03271,0.014655,0.004885,0.014655,0.004885,0.014655,0.004885,0.014655,0.004885
157,78046.8,1.1817,4.6538,0.36704,0.93029,1.13604,0.85105,0.76511,0.86164,0.60313,0.77117,0.62445,0.64938,0.33541,1.04084,3.65346,0.34332,0.73345,1.03268,0.014556,0.004852,0.014556,0.004852,0.014556,0.004852,0.014556,0.004852
158,78534.1,1.17788,4.64051,0.367,0.92931,1.13577,0.85037,0.76511,0.86247,0.60301,0.77167,0.62437,0.64995,0.33582,1.04054,3.65267,0.34327,0.73368,1.03243,0.014457,0.004819,0.014457,0.004819,0.014457,0.004819,0.014457,0.004819
159,79014.8,1.17865,4.6428,0.36688,0.92645,1.13624,0.84884,0.76653,0.86257,0.60298,0.76638,0.625,0.64929,0.33626,1.03974,3.65001,0.34305,0.73342,1.03208,0.014358,0.004786,0.014358,0.004786,0.014358,0.004786,0.014358,0.004786
160,79502.5,1.17624,4.64094,0.36617,0.92422,1.13439,0.84995,0.76511,0.86251,0.60342,0.77083,0.62516,0.65123,0.33663,1.03928,3.64562,0.34279,0.73273,1.03192,0.014259,0.004753,0.014259,0.004753,0.014259,0.004753,0.014259,0.004753
161,79984.1,1.17433,4.63816,0.36578,0.92587,1.1341,0.84944,0.76654,0.86262,0.60346,0.77079,0.62206,0.64994,0.33711,1.03938,3.64358,0.34277,0.73305,1.03214,0.01416,0.00472,0.01416,0.00472,0.01416,0.00472,0.01416,0.00472
162,80469.3,1.17963,4.65158,0.36646,0.92913,1.13581,0.84994,0.76779,0.86314,0.60347,0.76933,0.62374,0.64933,0.33656,1.03919,3.64354,0.34255,0.73277,1.03191,0.014061,0.004687,0.014061,0.004687,0.014061,0.004687,0.014061,0.004687
163,80954.3,1.17634,4.63864,0.36638,0.92727,1.13578,0.84887,0.76574,0.86235,0.60339,0.77213,0.62437,0.65134,0.33703,1.03976,3.6424,0.34254,0.73303,1.03214,0.013962,0.004654,0.013962,0.004654,0.013962,0.004654,0.013962,0.004654
164,81447.2,1.17398,4.63854,0.36657,0.92577,1.13356,0.84999,0.7648,0.86219,0.60363,0.77265,0.62626,0.65283,0.3376,1.03955,3.64141,0.3424,0.73273,1.03188,0.013863,0.004621,0.013863,0.004621,0.013863,0.004621,0.013863,0.004621
165,81935.9,1.17584,4.61919,0.36603,0.92428,1.13397,0.85496,0.76149,0.86283,0.60379,0.77332,0.6257,0.6529,0.33792,1.03975,3.6395,0.3423,0.73244,1.03191,0.013764,0.004588,0.013764,0.004588,0.013764,0.004588,0.013764,0.004588
166,82423.6,1.17598,4.62149,0.36461,0.92169,1.13323,0.85488,0.76196,0.86263,0.60397,0.77381,0.6261,0.65334,0.33867,1.03999,3.63858,0.34212,0.73181,1.03198,0.013665,0.004555,0.013665,0.004555,0.013665,0.004555,0.013665,0.004555
167,82910.5,1.17583,4.62881,0.36572,0.92607,1.13461,0.8526,0.7631,0.86226,0.60358,0.77244,0.62642,0.65298,0.33826,1.03979,3.63784,0.34209,0.73218,1.03155,0.013566,0.004522,0.013566,0.004522,0.013566,0.004522,0.013566,0.004522
168,83401.5,1.17408,4.62032,0.36485,0.924,1.13324,0.8507,0.76518,0.86219,0.60335,0.77477,0.62689,0.65347,0.33888,1.03958,3.63734,0.34196,0.73212,1.03128,0.013467,0.004489,0.013467,0.004489,0.013467,0.004489,0.013467,0.004489
169,83888.9,1.17391,4.61497,0.36535,0.92355,1.13357,0.84685,0.76795,0.86216,0.6034,0.77506,0.62626,0.65405,0.34004,1.03882,3.63804,0.34193,0.73185,1.03091,0.013368,0.004456,0.013368,0.004456,0.013368,0.004456,0.013368,0.004456
170,84377.7,1.1746,4.61193,0.36525,0.92613,1.1348,0.84841,0.76747,0.86224,0.60364,0.77387,0.62579,0.65348,0.34003,1.03894,3.63852,0.34181,0.73187,1.03082,0.013269,0.004423,0.013269,0.004423,0.013269,0.004423,0.013269,0.004423
171,84863.5,1.17248,4.61796,0.3652,0.9232,1.13268,0.84584,0.76842,0.86263,0.60395,0.77786,0.62217,0.6524,0.33994,1.03889,3.63572,0.34171,0.7315,1.03062,0.01317,0.00439,0.01317,0.00439,0.01317,0.00439,0.01317,0.00439
172,85350.2,1.16833,4.6088,0.36463,0.92138,1.13079,0.84609,0.77078,0.86276,0.60439,0.76811,0.62705,0.65234,0.34005,1.03915,3.63611,0.34158,0.73197,1.0307,0.013071,0.004357,0.013071,0.004357,0.013071,0.004357,0.013071,0.004357
173,85834.2,1.17251,4.59392,0.36446,0.92166,1.13172,0.8473,0.76873,0.86343,0.60454,0.76936,0.62768,0.65338,0.34003,1.03858,3.63535,0.34152,0.73179,1.03021,0.012972,0.004324,0.012972,0.004324,0.012972,0.004324,0.012972,0.004324
174,86323.8,1.17166,4.60255,0.36451,0.91871,1.13154,0.84897,0.76669,0.863,0.60499,0.77338,0.6261,0.6533,0.34061,1.03799,3.63504,0.34152,0.73176,1.02974,0.012873,0.004291,0.012873,0.004291,0.012873,0.004291,0.012873,0.004291
175,86810.7,1.16923,4.58621,0.36351,0.92017,1.13027,0.84954,0.76625,0.86347,0.60515,0.77553,0.62484,0.65327,0.34041,1.03792,3.63323,0.34135,0.73187,1.02943,0.012774,0.004258,0.012774,0.004258,0.012774,0.004258,0.012774,0.004258
176,87299.6,1.17074,4.60163,0.36458,0.91942,1.12937,0.84856,0.76716,0.86365,0.60544,0.77631,0.62547,0.65288,0.34006,1.03764,3.63345,0.34127,0.73101,1.0291,0.012675,0.004225,0.012675,0.004225,0.012675,0.004225,0.012675,0.004225
177,87793.5,1.16848,4.57636,0.36316,0.91726,1.12946,0.84981,0.76698,0.86412,0.60603,0.7829,0.62166,0.65284,0.33972,1.03708,3.63276,0.34118,0.73043,1.02887,0.012576,0.004192,0.012576,0.004192,0.012576,0.004192,0.012576,0.004192
178,88289.5,1.16913,4.5845,0.36357,0.92023,1.13045,0.85056,0.76685,0.86434,0.60584,0.78098,0.62343,0.65384,0.33899,1.03699,3.63211,0.34114,0.73029,1.02895,0.012477,0.004159,0.012477,0.004159,0.012477,0.004159,0.012477,0.004159
179,88779.5,1.1671,4.58825,0.36293,0.91821,1.12935,0.85371,0.7653,0.86429,0.60627,0.7835,0.62531,0.65588,0.33964,1.03675,3.6305,0.34094,0.73017,1.0288,0.012378,0.004126,0.012378,0.004126,0.012378,0.004126,0.012378,0.004126
180,89267.9,1.16744,4.59147,0.36377,0.91891,1.12998,0.85215,0.76761,0.86457,0.60644,0.78357,0.62468,0.65454,0.33949,1.03672,3.62974,0.34079,0.72961,1.02866,0.012279,0.004093,0.012279,0.004093,0.012279,0.004093,0.012279,0.004093
181,89754.4,1.16576,4.58467,0.36278,0.91185,1.12807,0.85064,0.76826,0.86453,0.60659,0.77965,0.62531,0.65334,0.34031,1.03667,3.62813,0.34074,0.72961,1.02832,0.01218,0.00406,0.01218,0.00406,0.01218,0.00406,0.01218,0.00406
182,90241.2,1.16518,4.56578,0.36305,0.91246,1.12865,0.84898,0.76911,0.86481,0.60658,0.78229,0.62217,0.65262,0.34062,1.03641,3.62755,0.34078,0.72947,1.02786,0.012081,0.004027,0.012081,0.004027,0.012081,0.004027,0.012081,0.004027
183,90726.2,1.16576,4.55933,0.36283,0.91362,1.12704,0.84939,0.76763,0.86487,0.60633,0.77963,0.62358,0.6529,0.34025,1.03665,3.62525,0.34059,0.72922,1.02781,0.011982,0.003994,0.011982,0.003994,0.011982,0.003994,0.011982,0.003994
184,91215.8,1.16304,4.57568,0.36363,0.91388,1.12837,0.84977,0.76747,0.86459,0.60653,0.77913,0.62516,0.65401,0.34037,1.03625,3.62379,0.3405,0.72892,1.02738,0.011883,0.003961,0.011883,0.003961,0.011883,0.003961,0.011883,0.003961
185,91702.3,1.16708,4.57186,0.3634,0.91443,1.12861,0.85054,0.76871,0.8648,0.60587,0.78149,0.62264,0.65391,0.34055,1.03591,3.62224,0.34041,0.72872,1.02711,0.011784,0.003928,0.011784,0.003928,0.011784,0.003928,0.011784,0.003928
186,92191.9,1.16277,4.56954,0.36311,0.91121,1.1261,0.84885,0.77188,0.86468,0.60631,0.78018,0.62413,0.65515,0.34062,1.03602,3.62046,0.3403,0.72859,1.02744,0.011685,0.003895,0.011685,0.003895,0.011685,0.003895,0.011685,0.003895
187,92679.6,1.16626,4.5587,0.36193,0.91422,1.12761,0.84888,0.76934,0.86508,0.60633,0.78136,0.62736,0.65669,0.34132,1.03549,3.61903,0.3402,0.72873,1.02714,0.011586,0.003862,0.011586,0.003862,0.011586,0.003862,0.011586,0.003862
188,93166.6,1.16415,4.5636,0.36219,0.91009,1.12734,0.84886,0.77141,0.86511,0.60657,0.78263,0.6239,0.65536,0.34141,1.03558,3.61676,0.34004,0.72851,1.02702,0.011487,0.003829,0.011487,0.003829,0.011487,0.003829,0.011487,0.003829
189,93653.1,1.16313,4.54774,0.36147,0.91184,1.12823,0.85131,0.76974,0.86529,0.60662,0.78523,0.62248,0.65555,0.34189,1.03516,3.61468,0.33991,0.72838,1.02689,0.011388,0.003796,0.011388,0.003796,0.011388,0.003796,0.011388,0.003796
190,94142.8,1.16051,4.55005,0.36239,0.90696,1.12577,0.85306,0.76826,0.86515,0.60684,0.78814,0.62122,0.65467,0.34095,1.03458,3.61321,0.33986,0.72758,1.02649,0.011289,0.003763,0.011289,0.003763,0.011289,0.003763,0.011289,0.003763
191,94630.6,1.16447,4.55751,0.36219,0.91171,1.12666,0.85226,0.76889,0.86556,0.60772,0.78673,0.62248,0.65555,0.34105,1.03394,3.61263,0.33978,0.72693,1.02613,0.01119,0.00373,0.01119,0.00373,0.01119,0.00373,0.01119,0.00373
192,95112.9,1.15931,4.53484,0.36196,0.90943,1.12487,0.85242,0.77017,0.86591,0.60741,0.78171,0.62453,0.65474,0.34037,1.03389,3.61241,0.33976,0.72651,1.026,0.011091,0.003697,0.011091,0.003697,0.011091,0.003697,0.011091,0.003697
193,95599.8,1.15993,4.53567,0.36126,0.90288,1.12441,0.8513,0.77242,0.86632,0.60784,0.78323,0.62563,0.65474,0.34124,1.03371,3.61155,0.33963,0.72606,1.02587,0.010992,0.003664,0.010992,0.003664,0.010992,0.003664,0.010992,0.003664
194,96088.2,1.1589,4.53801,0.36114,0.90581,1.1252,0.85225,0.77188,0.86617,0.60826,0.78911,0.62106,0.6548,0.34133,1.03375,3.61027,0.33957,0.72565,1.02601,0.010893,0.003631,0.010893,0.003631,0.010893,0.003631,0.010893,0.003631
195,96576.8,1.15916,4.54501,0.36097,0.90502,1.12454,0.85069,0.77314,0.86667,0.60839,0.78852,0.625,0.65711,0.34151,1.03389,3.60891,0.33939,0.72519,1.02615,0.010794,0.003598,0.010794,0.003598,0.010794,0.003598,0.010794,0.003598
196,97062,1.15809,4.53349,0.36067,0.90558,1.1242,0.85514,0.77138,0.867,0.60901,0.78555,0.62916,0.65763,0.34191,1.03381,3.61067,0.3394,0.72494,1.02605,0.010695,0.003565,0.010695,0.003565,0.010695,0.003565,0.010695,0.003565
197,97551.1,1.15904,4.53007,0.36078,0.90328,1.12325,0.85692,0.7694,0.86678,0.60866,0.78565,0.63051,0.65916,0.34228,1.03352,3.60864,0.3393,0.72426,1.02577,0.010596,0.003532,0.010596,0.003532,0.010596,0.003532,0.010596,0.003532
198,98041.1,1.15606,4.52292,0.36077,0.90616,1.12328,0.8582,0.76763,0.86675,0.60885,0.78528,0.63044,0.65787,0.34211,1.03285,3.60917,0.33923,0.72401,1.02541,0.010497,0.003499,0.010497,0.003499,0.010497,0.003499,0.010497,0.003499
199,98527.5,1.15633,4.52106,0.36109,0.9047,1.1238,0.85759,0.76694,0.86675,0.60918,0.7846,0.63114,0.65857,0.34238,1.03269,3.60794,0.33906,0.72389,1.02551,0.010398,0.003466,0.010398,0.003466,0.010398,0.003466,0.010398,0.003466
200,99013.5,1.15796,4.52666,0.36082,0.90629,1.1243,0.85337,0.76905,0.86682,0.60932,0.78454,0.6317,0.65896,0.34196,1.03227,3.60719,0.33887,0.72392,1.0253,0.010299,0.003433,0.010299,0.003433,0.010299,0.003433,0.010299,0.003433
201,99501.3,1.1539,4.50118,0.36043,0.90072,1.12195,0.85487,0.76858,0.86679,0.6098,0.78284,0.63109,0.65743,0.34148,1.03192,3.60619,0.33868,0.72347,1.02523,0.0102,0.0034,0.0102,0.0034,0.0102,0.0034,0.0102,0.0034
202,99989,1.15328,4.51067,0.36029,0.9021,1.12217,0.85513,0.76795,0.86698,0.61,0.78583,0.63067,0.658,0.34168,1.03189,3.6036,0.33859,0.72347,1.02506,0.010101,0.003367,0.010101,0.003367,0.010101,0.003367,0.010101,0.003367
203,100477,1.15286,4.48977,0.35857,0.89938,1.12293,0.8539,0.76999,0.86722,0.60967,0.78619,0.63099,0.65916,0.34245,1.03188,3.60296,0.33843,0.72339,1.02487,0.010002,0.003334,0.010002,0.003334,0.010002,0.003334,0.010002,0.003334
204,100965,1.15219,4.49615,0.35915,0.89863,1.12249,0.85032,0.77183,0.86706,0.60944,0.78553,0.63139,0.6598,0.34225,1.03203,3.60051,0.33825,0.72334,1.02484,0.009903,0.003301,0.009903,0.003301,0.009903,0.003301,0.009903,0.003301
205,101453,1.15233,4.48804,0.35917,0.9009,1.12302,0.85163,0.77078,0.86768,0.6099,0.78153,0.63382,0.65894,0.3426,1.03263,3.59957,0.33819,0.72383,1.02509,0.009804,0.003268,0.009804,0.003268,0.009804,0.003268,0.009804,0.003268
206,101938,1.15311,4.50609,0.36028,0.90056,1.12143,0.85175,0.77062,0.86749,0.61007,0.78325,0.6313,0.65877,0.34252,1.03217,3.59659,0.33794,0.72377,1.02456,0.009705,0.003235,0.009705,0.003235,0.009705,0.003235,0.009705,0.003235
207,102424,1.15071,4.49043,0.35895,0.89744,1.12107,0.84997,0.77204,0.86757,0.60977,0.78307,0.63252,0.66125,0.3425,1.03169,3.59968,0.33793,0.72365,1.02436,0.009606,0.003202,0.009606,0.003202,0.009606,0.003202,0.009606,0.003202
208,102912,1.15168,4.48379,0.3581,0.89879,1.12141,0.85286,0.77015,0.86776,0.60956,0.78799,0.63287,0.66318,0.34354,1.03178,3.60037,0.33787,0.72329,1.02445,0.009507,0.003169,0.009507,0.003169,0.009507,0.003169,0.009507,0.003169
209,103403,1.14915,4.49364,0.35846,0.90058,1.11992,0.85324,0.77067,0.8682,0.60956,0.79026,0.6261,0.66034,0.34394,1.0317,3.60004,0.3377,0.72331,1.02447,0.009408,0.003136,0.009408,0.003136,0.009408,0.003136,0.009408,0.003136
210,103891,1.14822,4.47974,0.35857,0.89444,1.11891,0.85371,0.76984,0.86743,0.60953,0.7919,0.62604,0.66048,0.34407,1.03156,3.59745,0.33753,0.72333,1.02422,0.009309,0.003103,0.009309,0.003103,0.009309,0.003103,0.009309,0.003103
211,104379,1.1495,4.47257,0.35803,0.89576,1.11942,0.85159,0.7711,0.86738,0.60937,0.79312,0.62689,0.66054,0.34392,1.03173,3.59807,0.33749,0.72288,1.02393,0.00921,0.00307,0.00921,0.00307,0.00921,0.00307,0.00921,0.00307
212,104866,1.14696,4.47132,0.35773,0.89513,1.11949,0.85201,0.77047,0.86715,0.61007,0.7894,0.6302,0.65953,0.34398,1.03146,3.59586,0.33739,0.72254,1.02366,0.009111,0.003037,0.009111,0.003037,0.009111,0.003037,0.009111,0.003037
213,105355,1.14538,4.45321,0.35656,0.89349,1.11868,0.85343,0.76999,0.86729,0.60992,0.78638,0.62972,0.65881,0.34398,1.03102,3.59601,0.33723,0.72236,1.02347,0.009012,0.003004,0.009012,0.003004,0.009012,0.003004,0.009012,0.003004
214,105844,1.14609,4.46288,0.35705,0.89149,1.11921,0.85151,0.77062,0.8671,0.60954,0.78577,0.63035,0.65872,0.34442,1.03075,3.59585,0.33715,0.72243,1.02336,0.008913,0.002971,0.008913,0.002971,0.008913,0.002971,0.008913,0.002971
215,106331,1.14602,4.45913,0.35769,0.89431,1.11853,0.85623,0.76879,0.8676,0.60951,0.78613,0.63177,0.65912,0.34387,1.03055,3.59458,0.33701,0.72203,1.02326,0.008814,0.002938,0.008814,0.002938,0.008814,0.002938,0.008814,0.002938
216,106818,1.14594,4.4496,0.35673,0.89193,1.1174,0.85631,0.76873,0.86755,0.61006,0.78963,0.6302,0.65827,0.344,1.02995,3.59132,0.33688,0.72183,1.02279,0.008715,0.002905,0.008715,0.002905,0.008715,0.002905,0.008715,0.002905
217,107306,1.14379,4.44375,0.35701,0.88876,1.11685,0.85584,0.77015,0.86716,0.6097,0.78776,0.6302,0.65813,0.34387,1.0296,3.59009,0.33674,0.72183,1.02267,0.008616,0.002872,0.008616,0.002872,0.008616,0.002872,0.008616,0.002872
218,107798,1.14356,4.43978,0.35603,0.88905,1.1168,0.85338,0.7715,0.8664,0.60971,0.78588,0.63157,0.6591,0.34422,1.02913,3.58903,0.33667,0.72182,1.02245,0.008517,0.002839,0.008517,0.002839,0.008517,0.002839,0.008517,0.002839
219,108285,1.14402,4.44598,0.35652,0.89118,1.11789,0.8555,0.77174,0.86702,0.60997,0.78862,0.62752,0.65705,0.34413,1.02929,3.58888,0.3365,0.72164,1.02255,0.008418,0.002806,0.008418,0.002806,0.008418,0.002806,0.008418,0.002806
220,108774,1.14257,4.42971,0.35646,0.88828,1.1161,0.85687,0.77189,0.86732,0.60983,0.78299,0.63303,0.65896,0.34546,1.02914,3.58776,0.33644,0.72163,1.02249,0.008319,0.002773,0.008319,0.002773,0.008319,0.002773,0.008319,0.002773
221,109266,1.14401,4.44319,0.35662,0.89058,1.11714,0.85809,0.77094,0.86709,0.61021,0.78023,0.63549,0.6597,0.34616,1.02928,3.58552,0.33622,0.72165,1.02247,0.00822,0.00274,0.00822,0.00274,0.00822,0.00274,0.00822,0.00274
222,109754,1.13928,4.42713,0.35635,0.88705,1.1139,0.85736,0.77314,0.8676,0.61051,0.78093,0.63429,0.66028,0.34598,1.02949,3.58285,0.33609,0.7212,1.02247,0.008121,0.002707,0.008121,0.002707,0.008121,0.002707,0.008121,0.002707
223,110243,1.1429,4.43378,0.3562,0.88932,1.1177,0.85659,0.7722,0.86765,0.61044,0.77927,0.63397,0.65917,0.34663,1.02947,3.5812,0.33597,0.72117,1.02241,0.008022,0.002674,0.008022,0.002674,0.008022,0.002674,0.008022,0.002674
224,110732,1.13982,4.40997,0.35481,0.88562,1.11475,0.85316,0.77503,0.8676,0.61098,0.78138,0.63359,0.65951,0.34698,1.02881,3.57914,0.33571,0.72111,1.02224,0.007923,0.002641,0.007923,0.002641,0.007923,0.002641,0.007923,0.002641
225,111223,1.13858,4.42382,0.35587,0.88537,1.11325,0.85266,0.77566,0.8677,0.61115,0.78598,0.63004,0.65935,0.34746,1.0282,3.57759,0.33557,0.72158,1.02165,0.007824,0.002608,0.007824,0.002608,0.007824,0.002608,0.007824,0.002608
226,111714,1.13773,4.41777,0.35439,0.88612,1.11539,0.85503,0.77298,0.86797,0.61157,0.78313,0.62972,0.65833,0.34766,1.02796,3.57603,0.33549,0.72125,1.02171,0.007725,0.002575,0.007725,0.002575,0.007725,0.002575,0.007725,0.002575
227,112204,1.13908,4.42261,0.35395,0.88394,1.1142,0.85657,0.77251,0.86819,0.61121,0.78352,0.63161,0.65959,0.34765,1.02741,3.57445,0.33545,0.72065,1.02129,0.007626,0.002542,0.007626,0.002542,0.007626,0.002542,0.007626,0.002542
228,112693,1.1361,4.40676,0.35457,0.88329,1.11381,0.85591,0.7711,0.8683,0.61125,0.78531,0.63051,0.6598,0.34759,1.02699,3.57199,0.33532,0.72002,1.02123,0.007527,0.002509,0.007527,0.002509,0.007527,0.002509,0.007527,0.002509
229,113183,1.13701,4.40936,0.35454,0.88278,1.11391,0.85821,0.77031,0.86864,0.61132,0.78454,0.62988,0.65961,0.34845,1.02682,3.5704,0.3352,0.71993,1.0212,0.007428,0.002476,0.007428,0.002476,0.007428,0.002476,0.007428,0.002476
230,113670,1.13523,4.39447,0.35398,0.88062,1.11259,0.85836,0.77188,0.86885,0.61158,0.78287,0.63161,0.65993,0.34844,1.02653,3.57001,0.33517,0.71992,1.02104,0.007329,0.002443,0.007329,0.002443,0.007329,0.002443,0.007329,0.002443
231,114158,1.13371,4.38971,0.35433,0.88226,1.11246,0.85878,0.77267,0.86899,0.61154,0.78478,0.63224,0.66073,0.3489,1.02625,3.56608,0.33504,0.72014,1.02074,0.00723,0.00241,0.00723,0.00241,0.00723,0.00241,0.00723,0.00241
232,114657,1.13313,4.38571,0.35402,0.87885,1.11158,0.85825,0.77267,0.86831,0.61143,0.78672,0.62925,0.65985,0.3484,1.02591,3.56435,0.33488,0.72004,1.02038,0.007131,0.002377,0.007131,0.002377,0.007131,0.002377,0.007131,0.002377
233,115145,1.1335,4.38189,0.3535,0.8798,1.11291,0.85844,0.77236,0.86873,0.61188,0.78789,0.62831,0.65973,0.34885,1.0256,3.56203,0.33463,0.71965,1.02029,0.007032,0.002344,0.007032,0.002344,0.007032,0.002344,0.007032,0.002344
234,115635,1.1311,4.38381,0.35272,0.87637,1.11087,0.85746,0.77283,0.8689,0.6119,0.78974,0.62796,0.66088,0.34909,1.02542,3.55967,0.33452,0.71944,1.02008,0.006933,0.002311,0.006933,0.002311,0.006933,0.002311,0.006933,0.002311
235,116124,1.13102,4.36422,0.35289,0.87472,1.11181,0.85615,0.77456,0.8689,0.61238,0.79214,0.62799,0.66001,0.34903,1.02499,3.55828,0.33436,0.71917,1.01984,0.006834,0.002278,0.006834,0.002278,0.006834,0.002278,0.006834,0.002278
236,116612,1.13295,4.35909,0.35234,0.87749,1.1114,0.8533,0.77563,0.86898,0.61299,0.79186,0.6289,0.66015,0.34926,1.02424,3.55631,0.33425,0.71824,1.0194,0.006735,0.002245,0.006735,0.002245,0.006735,0.002245,0.006735,0.002245
237,117102,1.13183,4.36,0.35184,0.87517,1.1105,0.85861,0.77283,0.86933,0.61337,0.79265,0.63051,0.66214,0.35013,1.02371,3.5541,0.33406,0.71797,1.01902,0.006636,0.002212,0.006636,0.002212,0.006636,0.002212,0.006636,0.002212
238,117590,1.12798,4.35527,0.352,0.87343,1.11006,0.85783,0.77267,0.8694,0.61364,0.78955,0.62963,0.66067,0.35023,1.02327,3.55249,0.33392,0.71763,1.01872,0.006537,0.002179,0.006537,0.002179,0.006537,0.002179,0.006537,0.002179
239,118079,1.12638,4.34887,0.35176,0.8747,1.11025,0.85805,0.77314,0.86999,0.61375,0.78843,0.62878,0.65978,0.35017,1.02257,3.55145,0.33373,0.71792,1.01836,0.006438,0.002146,0.006438,0.002146,0.006438,0.002146,0.006438,0.002146
240,118565,1.12876,4.35158,0.35211,0.87311,1.10964,0.857,0.77361,0.8697,0.61349,0.79118,0.62846,0.66074,0.34998,1.02193,3.55151,0.33358,0.71722,1.018,0.006339,0.002113,0.006339,0.002113,0.006339,0.002113,0.006339,0.002113
241,119053,1.12549,4.3455,0.35171,0.87033,1.10824,0.8597,0.7711,0.86997,0.61345,0.79313,0.62862,0.66216,0.34983,1.02136,3.54905,0.33347,0.71701,1.01751,0.00624,0.00208,0.00624,0.00208,0.00624,0.00208,0.00624,0.00208
242,119541,1.12629,4.33003,0.35081,0.87112,1.1084,0.85893,0.7722,0.86949,0.61331,0.79403,0.62768,0.66188,0.35012,1.02059,3.54922,0.33331,0.7167,1.01716,0.006141,0.002047,0.006141,0.002047,0.006141,0.002047,0.006141,0.002047
243,120029,1.12433,4.33609,0.35143,0.8681,1.10751,0.85366,0.77645,0.86989,0.6147,0.79563,0.6272,0.66254,0.35047,1.0204,3.54789,0.33323,0.71575,1.01698,0.006042,0.002014,0.006042,0.002014,0.006042,0.002014,0.006042,0.002014
244,120517,1.12253,4.32141,0.35078,0.86705,1.10701,0.85532,0.77528,0.87015,0.61414,0.79156,0.62783,0.66117,0.35051,1.02001,3.54628,0.33311,0.71549,1.01674,0.005943,0.001981,0.005943,0.001981,0.005943,0.001981,0.005943,0.001981
245,121004,1.12565,4.32901,0.35126,0.87044,1.10783,0.85545,0.77425,0.86985,0.6145,0.78954,0.62878,0.66165,0.35096,1.01989,3.54269,0.33296,0.71517,1.01676,0.005844,0.001948,0.005844,0.001948,0.005844,0.001948,0.005844,0.001948
246,121491,1.12081,4.32431,0.35054,0.86781,1.10724,0.85337,0.77512,0.86993,0.61447,0.79341,0.62783,0.66166,0.35102,1.0194,3.54128,0.33279,0.7146,1.01634,0.005745,0.001915,0.005745,0.001915,0.005745,0.001915,0.005745,0.001915
247,121981,1.12154,4.30712,0.35022,0.86511,1.10662,0.85232,0.77684,0.86944,0.61441,0.79153,0.62823,0.66205,0.35148,1.01903,3.5411,0.33259,0.71464,1.01608,0.005646,0.001882,0.005646,0.001882,0.005646,0.001882,0.005646,0.001882
248,122468,1.12124,4.30703,0.34972,0.86598,1.10649,0.85168,0.77833,0.86988,0.61481,0.7804,0.6346,0.66186,0.35189,1.01896,3.53952,0.33244,0.71479,1.01601,0.005547,0.001849,0.005547,0.001849,0.005547,0.001849,0.005547,0.001849
249,122955,1.11948,4.29965,0.34918,0.86435,1.10562,0.8548,0.77576,0.87024,0.61463,0.78558,0.63366,0.66301,0.35135,1.01805,3.53875,0.33236,0.71462,1.01548,0.005448,0.001816,0.005448,0.001816,0.005448,0.001816,0.005448,0.001816
250,123444,1.1187,4.29556,0.34905,0.8622,1.1052,0.85818,0.77352,0.87026,0.61451,0.78515,0.63413,0.66352,0.35178,1.01758,3.53852,0.33231,0.71464,1.01528,0.005349,0.001783,0.005349,0.001783,0.005349,0.001783,0.005349,0.001783
251,123933,1.11867,4.28835,0.34914,0.86095,1.10466,0.8558,0.77551,0.87052,0.61485,0.78919,0.63236,0.66464,0.35162,1.01764,3.53838,0.33216,0.71446,1.01524,0.00525,0.00175,0.00525,0.00175,0.00525,0.00175,0.00525,0.00175
252,124423,1.11845,4.29337,0.3486,0.861,1.10422,0.85619,0.77613,0.87065,0.61525,0.7826,0.63523,0.6638,0.35172,1.01727,3.53784,0.3319,0.7141,1.0149,0.005151,0.001717,0.005151,0.001717,0.005151,0.001717,0.005151,0.001717
253,124912,1.11667,4.28416,0.34843,0.86159,1.10287,0.85661,0.77589,0.87056,0.61498,0.78054,0.63539,0.66368,0.35168,1.01719,3.53658,0.33177,0.7141,1.01482,0.005052,0.001684,0.005052,0.001684,0.005052,0.001684,0.005052,0.001684
254,125401,1.11495,4.26369,0.34812,0.85702,1.10233,0.85564,0.77446,0.87075,0.61524,0.78048,0.63528,0.66308,0.35165,1.01787,3.53456,0.33162,0.71371,1.01487,0.004953,0.001651,0.004953,0.001651,0.004953,0.001651,0.004953,0.001651
255,125890,1.11469,4.26537,0.34776,0.85723,1.10306,0.85669,0.77451,0.87079,0.61531,0.78153,0.63712,0.66437,0.35206,1.01775,3.5342,0.33134,0.71359,1.01489,0.004854,0.001618,0.004854,0.001618,0.004854,0.001618,0.004854,0.001618
256,126379,1.11308,4.26625,0.34788,0.8587,1.10175,0.85775,0.77556,0.87096,0.61567,0.77857,0.63712,0.66365,0.35242,1.01698,3.53392,0.33125,0.71273,1.01469,0.004755,0.001585,0.004755,0.001585,0.004755,0.001585,0.004755,0.001585
257,126869,1.11051,4.27085,0.3474,0.85757,1.10109,0.85761,0.77566,0.87104,0.61584,0.77874,0.64011,0.66432,0.35305,1.01637,3.53322,0.33106,0.71272,1.01437,0.004656,0.001552,0.004656,0.001552,0.004656,0.001552,0.004656,0.001552
258,127358,1.11256,4.25011,0.34624,0.8563,1.10236,0.85866,0.77503,0.87116,0.61563,0.77921,0.63895,0.66405,0.35242,1.01593,3.53141,0.33076,0.71271,1.01421,0.004557,0.001519,0.004557,0.001519,0.004557,0.001519,0.004557,0.001519
259,127863,1.11149,4.25832,0.34732,0.85408,1.10016,0.85868,0.77424,0.87082,0.61555,0.77962,0.63879,0.66519,0.35263,1.01508,3.53045,0.33066,0.71195,1.01373,0.004458,0.001486,0.004458,0.001486,0.004458,0.001486,0.004458,0.001486
260,128348,1.10925,4.23808,0.34657,0.8532,1.10052,0.86074,0.77377,0.87114,0.61567,0.78236,0.63893,0.667,0.35291,1.01445,3.52834,0.33065,0.71166,1.01354,0.004359,0.001453,0.004359,0.001453,0.004359,0.001453,0.004359,0.001453
261,128835,1.10704,4.23232,0.34586,0.85007,1.09833,0.86145,0.77346,0.87116,0.61535,0.78139,0.64093,0.66704,0.35308,1.01417,3.52576,0.3305,0.71119,1.01318,0.00426,0.00142,0.00426,0.00142,0.00426,0.00142,0.00426,0.00142
262,129322,1.10718,4.22468,0.34608,0.84674,1.09829,0.86175,0.77346,0.87112,0.61521,0.78081,0.63665,0.66594,0.35337,1.01429,3.52243,0.33032,0.71087,1.01295,0.004161,0.001387,0.004161,0.001387,0.004161,0.001387,0.004161,0.001387
263,129807,1.10597,4.21578,0.34548,0.84776,1.09896,0.86254,0.77204,0.87089,0.61547,0.78286,0.63649,0.66666,0.35334,1.01421,3.52145,0.33017,0.71083,1.01277,0.004062,0.001354,0.004062,0.001354,0.004062,0.001354,0.004062,0.001354
264,130295,1.10307,4.20483,0.34505,0.84633,1.09828,0.86134,0.77157,0.8711,0.61582,0.7821,0.63759,0.66736,0.35365,1.01393,3.51924,0.32999,0.71105,1.01259,0.003963,0.001321,0.003963,0.001321,0.003963,0.001321,0.003963,0.001321
265,130780,1.10143,4.2012,0.3446,0.84368,1.09691,0.86281,0.77157,0.87139,0.61609,0.78697,0.63913,0.66976,0.35411,1.01374,3.51882,0.32985,0.71052,1.01221,0.003864,0.001288,0.003864,0.001288,0.003864,0.001288,0.003864,0.001288
266,131275,1.10213,4.20501,0.3448,0.84517,1.09623,0.86302,0.77173,0.87178,0.61633,0.78354,0.64051,0.6681,0.35431,1.0139,3.51722,0.32966,0.71051,1.01224,0.003765,0.001255,0.003765,0.001255,0.003765,0.001255,0.003765,0.001255
267,131765,1.10287,4.20416,0.34425,0.84487,1.09581,0.86402,0.77123,0.87166,0.61693,0.78451,0.64011,0.66934,0.3544,1.01383,3.51497,0.32957,0.71042,1.01217,0.003666,0.001222,0.003666,0.001222,0.003666,0.001222,0.003666,0.001222
268,132251,1.10183,4.19152,0.34401,0.84202,1.09587,0.86292,0.77298,0.87103,0.61685,0.78153,0.63977,0.66859,0.35412,1.01385,3.51333,0.32943,0.71014,1.01225,0.003567,0.001189,0.003567,0.001189,0.003567,0.001189,0.003567,0.001189
269,132739,1.1013,4.19233,0.34441,0.84356,1.09612,0.8645,0.7744,0.87147,0.6168,0.78078,0.63964,0.66765,0.3539,1.01359,3.51335,0.32924,0.71022,1.01188,0.003468,0.001156,0.003468,0.001156,0.003468,0.001156,0.003468,0.001156
270,133227,1.09874,4.17806,0.34361,0.83951,1.09497,0.86385,0.77456,0.87149,0.61692,0.78193,0.63845,0.66704,0.35475,1.01309,3.51261,0.32903,0.71017,1.01162,0.003369,0.001123,0.003369,0.001123,0.003369,0.001123,0.003369,0.001123
271,133717,1.09583,4.1542,0.34273,0.83712,1.09591,0.86294,0.77614,0.87193,0.61695,0.78467,0.63838,0.66821,0.35482,1.01272,3.51193,0.32888,0.70973,1.01142,0.00327,0.00109,0.00327,0.00109,0.00327,0.00109,0.00327,0.00109
272,134203,1.09554,4.15736,0.34235,0.83764,1.0939,0.8648,0.77336,0.87199,0.61703,0.78539,0.63722,0.66737,0.35537,1.01283,3.51188,0.3287,0.70976,1.0114,0.003171,0.001057,0.003171,0.001057,0.003171,0.001057,0.003171,0.001057
273,134692,1.09479,4.16089,0.34258,0.83649,1.09284,0.86562,0.77375,0.8719,0.61677,0.78529,0.63775,0.66766,0.35514,1.01288,3.51076,0.32852,0.70946,1.01142,0.003072,0.001024,0.003072,0.001024,0.003072,0.001024,0.003072,0.001024
274,135182,1.09338,4.15579,0.34239,0.83797,1.09321,0.86015,0.77852,0.87195,0.61694,0.78651,0.638,0.66826,0.35597,1.01225,3.50912,0.32833,0.70925,1.01097,0.002973,0.000991,0.002973,0.000991,0.002973,0.000991,0.002973,0.000991
275,135667,1.09114,4.13864,0.34089,0.8318,1.09173,0.85672,0.7807,0.87191,0.61692,0.7865,0.63795,0.66855,0.35578,1.01187,3.50817,0.32816,0.70877,1.01063,0.002874,0.000958,0.002874,0.000958,0.002874,0.000958,0.002874,0.000958
276,136157,1.09204,4.13922,0.34216,0.83137,1.09055,0.85584,0.78149,0.87176,0.61719,0.78355,0.6377,0.6671,0.35615,1.01145,3.50576,0.32793,0.70798,1.01039,0.002775,0.000925,0.002775,0.000925,0.002775,0.000925,0.002775,0.000925
277,136645,1.09123,4.14234,0.34171,0.83117,1.09162,0.85512,0.78148,0.87145,0.6176,0.78299,0.63948,0.66804,0.35639,1.01103,3.5052,0.32783,0.7078,1.01012,0.002676,0.000892,0.002676,0.000892,0.002676,0.000892,0.002676,0.000892
278,137132,1.08765,4.11072,0.3402,0.82929,1.09112,0.85742,0.78013,0.87151,0.61777,0.78684,0.63982,0.66922,0.35615,1.01076,3.50408,0.32767,0.70777,1.00995,0.002577,0.000859,0.002577,0.000859,0.002577,0.000859,0.002577,0.000859
279,137628,1.08762,4.1103,0.34038,0.82978,1.0907,0.85904,0.77975,0.87237,0.61844,0.78455,0.64149,0.66947,0.35666,1.01081,3.50384,0.32765,0.70765,1.00997,0.002478,0.000826,0.002478,0.000826,0.002478,0.000826,0.002478,0.000826
280,138130,1.08833,4.12194,0.34063,0.82831,1.09049,0.85942,0.77912,0.87221,0.61804,0.78034,0.6461,0.67063,0.35683,1.01051,3.50369,0.32747,0.70753,1.0098,0.002379,0.000793,0.002379,0.000793,0.002379,0.000793,0.002379,0.000793
281,138627,1.08553,4.10039,0.33977,0.82488,1.08854,0.8618,0.77865,0.87161,0.61839,0.78184,0.64673,0.67127,0.35713,1.01005,3.50385,0.32738,0.70745,1.00946,0.00228,0.00076,0.00228,0.00076,0.00228,0.00076,0.00228,0.00076
282,139119,1.08322,4.09235,0.33945,0.82355,1.08779,0.86095,0.77885,0.87167,0.61854,0.78248,0.64675,0.67297,0.35738,1.01001,3.50234,0.32727,0.70724,1.0093,0.002181,0.000727,0.002181,0.000727,0.002181,0.000727,0.002181,0.000727
283,139621,1.0828,4.08478,0.33913,0.82279,1.08744,0.85952,0.7802,0.8725,0.6184,0.7842,0.64468,0.6718,0.35788,1.00997,3.50137,0.32701,0.70682,1.00921,0.002082,0.000694,0.002082,0.000694,0.002082,0.000694,0.002082,0.000694
284,140112,1.08261,4.08638,0.33948,0.82262,1.08791,0.85812,0.77944,0.87249,0.61815,0.7836,0.64562,0.67183,0.35792,1.01001,3.4998,0.32693,0.70666,1.0091,0.001983,0.000661,0.001983,0.000661,0.001983,0.000661,0.001983,0.000661
285,140606,1.0819,4.07847,0.33855,0.82019,1.08638,0.86114,0.77717,0.87281,0.61814,0.78482,0.64562,0.67218,0.35794,1.00994,3.49801,0.32674,0.70682,1.00901,0.001884,0.000628,0.001884,0.000628,0.001884,0.000628,0.001884,0.000628
286,141100,1.07755,4.06492,0.33854,0.8172,1.08435,0.85911,0.77818,0.87285,0.61846,0.7849,0.64499,0.67145,0.35786,1.00993,3.49797,0.32664,0.70689,1.00909,0.001785,0.000595,0.001785,0.000595,0.001785,0.000595,0.001785,0.000595
287,141591,1.08001,4.06022,0.33833,0.81649,1.0865,0.86281,0.77409,0.87274,0.6188,0.78761,0.64336,0.67122,0.35812,1.01011,3.49751,0.3265,0.70704,1.00892,0.001686,0.000562,0.001686,0.000562,0.001686,0.000562,0.001686,0.000562
288,142084,1.07742,4.04288,0.33729,0.81502,1.08515,0.86463,0.77223,0.87254,0.61868,0.78907,0.64192,0.67131,0.35813,1.00981,3.49713,0.32636,0.70721,1.00874,0.001587,0.000529,0.001587,0.000529,0.001587,0.000529,0.001587,0.000529
289,142588,1.07507,4.03627,0.33688,0.81479,1.08474,0.86616,0.77229,0.87296,0.61883,0.79364,0.63854,0.67087,0.35838,1.00994,3.49453,0.32619,0.70727,1.00859,0.001488,0.000496,0.001488,0.000496,0.001488,0.000496,0.001488,0.000496
290,143073,1.07261,4.02016,0.33665,0.81012,1.08263,0.86613,0.77314,0.87273,0.61928,0.78954,0.64011,0.66985,0.35847,1.00965,3.49165,0.32608,0.7075,1.00816,0.001389,0.000463,0.001389,0.000463,0.001389,0.000463,0.001389,0.000463
291,143587,1.00364,3.44054,0.32736,0.7099,1.03343,0.85955,0.77755,0.87274,0.61913,0.78547,0.63923,0.66785,0.35826,1.00899,3.49075,0.32588,0.70728,1.00758,0.00129,0.00043,0.00129,0.00043,0.00129,0.00043,0.00129,0.00043
292,144061,0.99558,3.41102,0.32568,0.69899,1.02997,0.86254,0.77746,0.87271,0.61951,0.78643,0.64263,0.6698,0.35857,1.00872,3.49132,0.32562,0.70704,1.00722,0.001191,0.000397,0.001191,0.000397,0.001191,0.000397,0.001191,0.000397
293,144527,0.9937,3.38791,0.32434,0.69465,1.02865,0.8575,0.78117,0.87324,0.61993,0.78659,0.64499,0.67196,0.35933,1.00858,3.48823,0.32526,0.70621,1.00711,0.001092,0.000364,0.001092,0.000364,0.001092,0.000364,0.001092,0.000364
294,144992,0.98933,3.37088,0.32394,0.6901,1.02737,0.85939,0.78054,0.87363,0.62002,0.7919,0.64011,0.67204,0.35892,1.00816,3.48766,0.325,0.70552,1.00694,0.000993,0.000331,0.000993,0.000331,0.000993,0.000331,0.000993,0.000331
295,145468,0.98681,3.35395,0.32312,0.68898,1.02526,0.86029,0.77849,0.8738,0.6199,0.79101,0.64216,0.67247,0.35884,1.00805,3.48601,0.32471,0.70496,1.00666,0.000894,0.000298,0.000894,0.000298,0.000894,0.000298,0.000894,0.000298
296,145948,0.9844,3.33735,0.3224,0.68627,1.02573,0.85864,0.78164,0.87402,0.61979,0.79262,0.63843,0.67077,0.35863,1.00775,3.48421,0.32442,0.70415,1.00658,0.000795,0.000265,0.000795,0.000265,0.000795,0.000265,0.000795,0.000265
297,146531,0.98193,3.32051,0.32203,0.68246,1.02264,0.85887,0.78164,0.87443,0.61988,0.79272,0.63701,0.67116,0.35892,1.00749,3.48291,0.32422,0.70355,1.00625,0.000696,0.000232,0.000696,0.000232,0.000696,0.000232,0.000696,0.000232
298,147017,0.9803,3.30913,0.32148,0.682,1.02381,0.85993,0.78193,0.87426,0.62034,0.79431,0.63571,0.67185,0.35886,1.00794,3.48179,0.32407,0.70305,1.00647,0.000597,0.000199,0.000597,0.000199,0.000597,0.000199,0.000597,0.000199
299,147492,0.97835,3.30404,0.32085,0.67797,1.02325,0.85913,0.78158,0.87466,0.62038,0.79432,0.63634,0.67191,0.3588,1.00818,3.48121,0.32376,0.70241,1.00669,0.000498,0.000166,0.000498,0.000166,0.000498,0.000166,0.000498,0.000166
300,147975,0.97546,3.28583,0.32063,0.676,1.0224,0.85584,0.78511,0.87508,0.62084,0.79134,0.63681,0.66986,0.35844,1.00815,3.48079,0.32359,0.70227,1.00674,0.000399,0.000133,0.000399,0.000133,0.000399,0.000133,0.000399,0.000133
